fuel_type,factor
Oil,3.06729
LNG,2.70875
LPG,2.955
MeOH,1.354375
NH3,0
RefPO,3.15791
H2,0
