fuel_type,factor
Oil,2.832079372
LNG,2.535460993
LPG,2.73318872
MeOH,1.252920561
NH3,0
RefPO,2.982017363
H2,0
