fuel_type,factor
Oil,3.00501
LNG,2.65375
LPG,2.895
MeOH,1.326875
NH3,0
RefPO,3.09379
H2,0
